,interval,ave_baseline,ave_deepRL,diff
0,5-min,46.171388888888885,52.92527777777778,-14.627865982420586
1,10-min,46.12694444444444,52.86527777777778,-14.608236930692483
2,30-min,46.173333333333325,53.02583333333334,-14.84081721051115
3,45-min,46.53125000000001,53.245,-14.42847548690394
